{
    "best_features": [
        "Recirc"
    ],
    "best_r2_score": 0.08413301125062096,
    "n_features_original": 90,
    "n_features_selected": 1,
    "feature_reduction": 0.9888888888888889,
    "execution_time": 5.786661624908447,
    "log_params": {
        "log_mult": 1,
        "log_base": 10,
        "inv_mult": 2.302585092994046
    }
}