iteration,feature_added,r2_score,time_seconds
1,Recirc,0.08413301125062096,3.364035129547119
2,CircVar,0.08347314457036217,0.0723416805267334
3,landform,0.08263406094262052,0.03854036331176758
